records,word,relation
M&T BANK CORPORATION,M&T BANK CORP,Affiliate
JPMORGAN CHASE & CO.,JPMORGAN CHASE & CO,Affiliate
HUNTINGTON BANCSHARES INCORPORATED,HUNTINGTON BANCSHARES INC,Affiliate
BANK OF AMERICA CORPORATION,BANK OF AMERICA CORP,Affiliate
BB&T CORPORATION,BB&T CORP,Affiliate
STATE STREET CORPORATION,STATE STREET CORP,Affiliate
U.S. BANCORP,US_BANCORP,Affiliate
NORTHERN TRUST CORPORATION,NORTHERN TRUST CORP,Affiliate
COMERICA INCORPORATED,COMERICA INC,Affiliate
GENERAL ELECTRIC COMPANY,GENERAL ELECTRIC CO,Affiliate
AMERICAN EXPRESS COMPANY,AMERICAN EXPRESS CO,Affiliate
ALLY FINANCIAL INC.,Ally Financial Inc,Affiliate
CITIGROUP INC.,CITIGROUP INC,Affiliate
CAPITAL ONE FINANCIAL CORPORATION,CAPITAL ONE FINANCIAL CORP,Affiliate
"BANK OF NEW YORK MELLON CORPORATION, THE",Bank of New York Mellon Corp,Affiliate
"SCHWAB HOLDINGS, INC.",SCHWAB_CHARLES_CORP ,Affiliate
"SCHWAB RETIREMENT PLAN SERVICES, INC.",SCHWAB_CHARLES_CORP ,Affiliate
"SCHWAB RETIREMENT TECHNOLOGIES, INC.",SCHWAB_CHARLES_CORP ,Affiliate
"PERFORMANCE TECHNOLOGIES, INC.",SCHWAB_CHARLES_CORP ,Affiliate
CHARLES SCHWAB BANK,SCHWAB_CHARLES_CORP ,Affiliate
SCHWAB CAPITAL TRUST I,SCHWAB_CHARLES_CORP ,Affiliate
CHARLES SCHWAB FOUNDATION,SCHWAB_CHARLES_CORP ,Affiliate
CHARLES SCHWAB TRUST COMPANY,SCHWAB_CHARLES_CORP ,Affiliate
VBC CAPITAL I,ZIONS BANCORPORATION,Affiliate
ZIONS FINANCIAL CORP.,ZIONS BANCORPORATION,Affiliate
ZIONS CAPITAL TRUST B,ZIONS BANCORPORATION,Affiliate
J.P. MORGAN CHASE COMMUNITY DEVELOPMENT CORPORATION,JPMORGAN CHASE & CO,Affiliate
J.P. MORGAN SERVICES INC.,JPMORGAN CHASE & CO,Affiliate
J.P. MORGAN FUTURES INC.,JPMORGAN CHASE & CO,Affiliate
J.P. MORGAN INVESTMENT MANAGEMENT INC.,JPMORGAN CHASE & CO,Affiliate
JPMORGAN SECURITIES HOLDINGS LLC,JPMORGAN CHASE & CO,Affiliate
CLINTSTONE PROPERTIES INC.,JPMORGAN CHASE & CO,Affiliate
CHASE LINCOLN FIRST COMMERCIAL CORPORATION,JPMORGAN CHASE & CO,Affiliate
"CMRCC, INC.",JPMORGAN CHASE & CO,Affiliate
CHASE MANHATTAN REALTY LEASING CORPORATION,JPMORGAN CHASE & CO,Affiliate
"J.P. MORGAN CHASE NATIONAL CORPORATE SERVICES, INC.",JPMORGAN CHASE & CO,Affiliate
CCC HOLDING INC.,JPMORGAN CHASE & CO,Affiliate
BANC ONE BUILDING MANAGEMENT CORPORATION,JPMORGAN CHASE & CO,Affiliate
BANC ONE FINANCIAL LLC,JPMORGAN CHASE & CO,Affiliate
BANC ONE KENTUCKY INSURANCE COMPANY,JPMORGAN CHASE & CO,Affiliate
J.P. MORGAN INTERNATIONAL HOLDINGS LLC,JPMORGAN CHASE & CO,Affiliate
"CHATHAM VENTURES, INC.",JPMORGAN CHASE & CO,Affiliate
JPMP CAPITAL CORP.,JPMORGAN CHASE & CO,Affiliate
BANC ONE NEIGHBORHOOD DEVELOPMENT CORPORATION,JPMORGAN CHASE & CO,Affiliate
"OFFSHORE EQUITIES, INC.",JPMORGAN CHASE & CO,Affiliate
NBD COMMUNITY DEVELOPMENT CORPORATION,JPMORGAN CHASE & CO,Affiliate
CHASE INVESTMENT SERVICES CORP.,JPMORGAN CHASE & CO,Affiliate
"CHEMICAL INVESTMENTS, INC.",JPMORGAN CHASE & CO,Affiliate
J.P. MORGAN CAPITAL FINANCING LIMITED,JPMORGAN CHASE & CO,Affiliate
J.P. MORGAN PRIVATE INVESTMENTS INC.,JPMORGAN CHASE & CO,Affiliate
"JPMP CAPITAL, LLC",JPMORGAN CHASE & CO,Affiliate
J.P. MORGAN GT CORPORATION,JPMORGAN CHASE & CO,Affiliate
J.P. MORGAN FUNDING CORP.,JPMORGAN CHASE & CO,Affiliate
"MORSERV, INC.",JPMORGAN CHASE & CO,Affiliate
J.P. MORGAN VENTURES ENERGY CORPORATION,JPMORGAN CHASE & CO,Affiliate
BOI LEASING CORPORATION,JPMORGAN CHASE & CO,Affiliate
HATHERLEY INSURANCE LTD.,JPMORGAN CHASE & CO,Affiliate
BANC ONE DEFERRED BENEFITS CORPORATION,JPMORGAN CHASE & CO,Affiliate
"JPMORGAN DISTRIBUTION SERVICES, INC.",JPMORGAN CHASE & CO,Affiliate
HAMBRECHT & QUIST CALIFORNIA,JPMORGAN CHASE & CO,Affiliate
J.P. MORGAN SERVICES ASIA HOLDINGS LIMITED,JPMORGAN CHASE & CO,Affiliate
ROBERT FLEMING HOLDINGS LIMITED,JPMORGAN CHASE & CO,Affiliate
JPMORGAN ASSET MANAGEMENT HOLDINGS INC.,JPMORGAN CHASE & CO,Affiliate
J.P. MORGAN CORPORATE SERVICES LIMITED,JPMORGAN CHASE & CO,Affiliate
PARK ASSURANCE COMPANY,JPMORGAN CHASE & CO,Affiliate
"HOMESALES, INC.",JPMORGAN CHASE & CO,Affiliate
JPMORGAN SPECIAL SITUATIONS ASIA CORPORATION,JPMORGAN CHASE & CO,Affiliate
SPECIAL SITUATIONS INVESTING INC.,JPMORGAN CHASE & CO,Affiliate
BANC ONE CAPITAL HOLDINGS LLC,JPMORGAN CHASE & CO,Affiliate
"J.P. MORGAN INSURANCE HOLDINGS, L.L.C.",JPMORGAN CHASE & CO,Affiliate
JPM INTERNATIONAL CONSUMER HOLDING INC.,JPMORGAN CHASE & CO,Affiliate
CHASE CAPITAL HOLDING CORPORATION,JPMORGAN CHASE & CO,Affiliate
JPMREP HOLDING CORPORATION,JPMORGAN CHASE & CO,Affiliate
JPMORGAN CHASE HOME MORTGAGE OF THE SOUTHEAST LLC,JPMORGAN CHASE & CO,Affiliate
"J.P. MORGAN SERVICES ASIA HOLDINGS, INC.",JPMORGAN CHASE & CO,Affiliate
"JPMORGAN CHASE BANK, DEARBORN",JPMORGAN CHASE & CO,Affiliate
"JPMORGAN CHASE BANK, NATIONAL ASSOCIATION",JPMORGAN CHASE & CO,Affiliate
KEYCORP FINANCE INC.,KEYCORP,Affiliate
"KEYCORP INSURANCE COMPANY, LTD.",KEYCORP,Affiliate
KEYCORP INSTITUTIONAL CAPITAL A,KEYCORP,Affiliate
KEYCORP INSTITUTIONAL CAPITAL B,KEYCORP,Affiliate
KEYCORP CAPITAL I,KEYCORP,Affiliate
KEYCORP CAPITAL II,KEYCORP,Affiliate
KEYCORP CAPITAL III,KEYCORP,Affiliate
KEYCORP CAPITAL V,KEYCORP,Affiliate
KEYCORP CAPITAL VI,KEYCORP,Affiliate
KEYCORP CAPITAL VII,KEYCORP,Affiliate
KEYCORP CAPITAL VIII,KEYCORP,Affiliate
KEYCORP CAPITAL IX,KEYCORP,Affiliate
KEYCORP CAPITAL X,KEYCORP,Affiliate
"KEYCORP INSURANCE COMPANY, LLC",KEYCORP,Affiliate
"KEYCORP OFFSHORE INVESTMENTS COMPANY, LTD.",KEYCORP,Affiliate
HUNTINGTON BANCSHARES FINANCIAL CORPORATION,HUNTINGTON BANCSHARES INC,Affiliate
"HUNTINGTON PREFERRED CAPITAL, INC.",HUNTINGTON BANCSHARES INC,Affiliate
HUNTINGTON CAPITAL I,HUNTINGTON BANCSHARES INC,Affiliate
HUNTINGTON CAPITAL II,HUNTINGTON BANCSHARES INC,Affiliate
HUNTINGTON CAPITAL III,HUNTINGTON BANCSHARES INC,Affiliate
HUNTINGTON CAPITAL IV,HUNTINGTON BANCSHARES INC,Affiliate
"HBI TITLE SERVICES, INC",HUNTINGTON BANCSHARES INC,Affiliate
BFOH CAPITAL TRUST I,HUNTINGTON BANCSHARES INC,Affiliate
SKY FINANCIAL CAPITAL TRUST I,HUNTINGTON BANCSHARES INC,Affiliate
SYNORAN LLC,HUNTINGTON BANCSHARES INC,Affiliate
"HUNTINGTON INSURANCE, INC.",HUNTINGTON BANCSHARES INC,Affiliate
PROSPECT TRUST I,HUNTINGTON BANCSHARES INC,Affiliate
SKY FINANCIAL CAPITAL TRUST II,HUNTINGTON BANCSHARES INC,Affiliate
SKY FINANCIAL CAPITAL TRUST III,HUNTINGTON BANCSHARES INC,Affiliate
"HUNTINGTON WEALTH PLANNING ADVISORS, INC.",HUNTINGTON BANCSHARES INC,Affiliate
HUNTINGTON FINANCE LLC,HUNTINGTON BANCSHARES INC,Affiliate
RIGGS CAPITAL,PNC FINANCIAL SERVICES GROUP INC,Affiliate
PNC CAPITAL TRUST C,PNC FINANCIAL SERVICES GROUP INC,Affiliate
YARDVILLE CAPITAL TRUST II,PNC FINANCIAL SERVICES GROUP INC,Affiliate
YARDVILLE CAPITAL TRUST III,PNC FINANCIAL SERVICES GROUP INC,Affiliate
JAMES MONROE STATUTORY TRUST I,PNC FINANCIAL SERVICES GROUP INC,Affiliate
STERLING FINANCIAL STATUTORY TRUST II,PNC FINANCIAL SERVICES GROUP INC,Affiliate
JAMES MONROE STATUTORY TRUST II,PNC FINANCIAL SERVICES GROUP INC,Affiliate
YARDVILLE CAPITAL TRUST V,PNC FINANCIAL SERVICES GROUP INC,Affiliate
PNC CAPITAL TRUST D,PNC FINANCIAL SERVICES GROUP INC,Affiliate
YARDVILLE CAPITAL TRUST VI,PNC FINANCIAL SERVICES GROUP INC,Affiliate
STERLING FINANCIAL STATUTORY TRUST III,PNC FINANCIAL SERVICES GROUP INC,Affiliate
STERLING FINANCIAL STATUTORY TRUST IV,PNC FINANCIAL SERVICES GROUP INC,Affiliate
JAMES MONROE STATUTORY TRUST III,PNC FINANCIAL SERVICES GROUP INC,Affiliate
FIDELITY CAPITAL TRUST II,PNC FINANCIAL SERVICES GROUP INC,Affiliate
FIDELITY CAPITAL TRUST III,PNC FINANCIAL SERVICES GROUP INC,Affiliate
STERLING FINANCIAL STATUTORY TRUST V,PNC FINANCIAL SERVICES GROUP INC,Affiliate
MAF BANCORP CAPITAL TRUST I,PNC FINANCIAL SERVICES GROUP INC,Affiliate
MAF BANCORP CAPITAL TRUST II,PNC FINANCIAL SERVICES GROUP INC,Affiliate
NATIONAL CITY CAPITAL TRUST II,PNC FINANCIAL SERVICES GROUP INC,Affiliate
NATIONAL CITY CAPITAL TRUST III,PNC FINANCIAL SERVICES GROUP INC,Affiliate
NATIONAL CITY CAPITAL TRUST IV,PNC FINANCIAL SERVICES GROUP INC,Affiliate
PNC CAPITAL TRUST E,PNC FINANCIAL SERVICES GROUP INC,Affiliate
NATIONAL CITY CREDIT CORPORATION,PNC FINANCIAL SERVICES GROUP INC,Affiliate
FIFTH THIRD FINANCIAL CORPORATION,FIFTH THIRD BANCORP,Affiliate
FIFTH THIRD CAPITAL TRUST IV,FIFTH THIRD BANCORP,Affiliate
FIFTH THIRD CAPITAL TRUST V,FIFTH THIRD BANCORP,Affiliate
FIFTH THIRD CAPITAL TRUST VI,FIFTH THIRD BANCORP,Affiliate
FIFTH THIRD CAPITAL TRUST VII,FIFTH THIRD BANCORP,Affiliate
BANK OF AMERICA MERRILL LYNCH INTERNATIONAL LIMITED,BANK OF AMERICA CORP,Affiliate
RBI CAPITAL TRUST I,BB&T CORP,Affiliate
MAINSTREET CAPITAL TRUST I,BB&T CORP,Affiliate
PREMIER CAPITAL TRUST I,BB&T CORP,Affiliate
FCNB CAPITAL TRUST,BB&T CORP,Affiliate
"BOSTON SERVICE COMPANY, INC.",BB&T CORP,Affiliate
BB&T ASSET MANAGEMENT LLC,BB&T CORP,Affiliate
MAIN STREET BANKS STATUTORY TRUST I,BB&T CORP,Affiliate
MAIN STREET BANKS STATUTORY TRUST II,BB&T CORP,Affiliate
BB&T CHARITABLE FOUNDATION,BB&T CORP,Affiliate
FIRST CITIZENS BANCORP (TN) STATUTORY TRUST I,BB&T CORP,Affiliate
NPB CAPITAL TRUST III,BB&T CORP,Affiliate
NPB CAPITAL TRUST V,BB&T CORP,Affiliate
FIRST CITIZENS BANCORP (TN) STATUTORY TRUST II,BB&T CORP,Affiliate
BB&T CAPITAL TRUST I,BB&T CORP,Affiliate
CMTY CAPITAL STATUTORY TRUST III,BB&T CORP,Affiliate
CMTY CAPITAL STATUTORY TRUST IV,BB&T CORP,Affiliate
"BB&T SECURITIES, LLC",BB&T CORP,Affiliate
"BB&T CAPITAL PARTNERS FUND OF FUNDS I, LLC",BB&T CORP,Affiliate
COASTAL FINANCIAL CAPITAL TRUST I,BB&T CORP,Affiliate
AMCO HOLDING COMPANY,BB&T CORP,Affiliate
NPB CAPITAL TRUST VI,BB&T CORP,Affiliate
STATE STREET GLOBAL EXCHANGE (US) LLC,STATE STREET CORP,Affiliate
STATE STREET CAPITAL TRUST I,STATE STREET CORP,Affiliate
ADVANCED AUCTIONS LLC,STATE STREET CORP,Affiliate
STATE STREET GLOBAL MARKETS (JAPAN),STATE STREET CORP,Affiliate
"STATE STREET CORPORATION, INTERNATIONAL MANAGEMENT GROUP (IMG) LLC",STATE STREET CORP,Affiliate
MANAGED PENSION FUNDS,STATE STREET CORP,Affiliate
STATE STREET CAPITAL TRUST IV,STATE STREET CORP,Affiliate
"U.S. BANCORP INSURANCE SERVICES, LLC",US_BANCORP,Affiliate
"U.S. BANCORP INVESTMENTS, INC.",US_BANCORP,Affiliate
"U.S. BANK TRUST COMPANY, NATIONAL ASSOCIATION",US_BANCORP,Affiliate
U.S. BANK NATIONAL ASSOCIATION ND,US_BANCORP,Affiliate
VAIL BANKS STATUTORY TRUST I,US_BANCORP,Affiliate
VAIL BANKS STATUTORY TRUST II,US_BANCORP,Affiliate
U.S. BANCORP COMMUNITY INVESTMENT CORPORATION,US_BANCORP,Affiliate
USB CAPITAL IX,US_BANCORP,Affiliate
USB CAPITAL X,US_BANCORP,Affiliate
USB CAPITAL XI,US_BANCORP,Affiliate
USB CAPITAL XII,US_BANCORP,Affiliate
USB CAPITAL XIII,US_BANCORP,Affiliate
FIXED INCOME CLIENT SOLUTIONS LLC,US_BANCORP,Affiliate
U.S. BANK NATIONAL ASSOCIATION,US_BANCORP,Affiliate
"FNL INSURANCE COMPANY, LTD",WELLS FARGO & COMPANY,Affiliate
"WELLS FARGO WEALTH BROKERAGE INSURANCE AGENCY, LLC",WELLS FARGO & COMPANY,Affiliate
"TRYON MANAGEMENT, INC.",WELLS FARGO & COMPANY,Affiliate
"CENTRAL FIDELITY PROPERTIES, INC.",WELLS FARGO & COMPANY,Affiliate
"WELLS FARGO PROPERTIES, INC.",WELLS FARGO & COMPANY,Affiliate
"NORWEST VENTURE CAPITAL MANAGEMENT, INC.",WELLS FARGO & COMPANY,Affiliate
WELLS FARGO ASIA LIMITED,WELLS FARGO & COMPANY,Affiliate
"PEREGRINE CAPITAL MANAGEMENT, INC.",WELLS FARGO & COMPANY,Affiliate
"WELLS FARGO INSURANCE, INC.",WELLS FARGO & COMPANY,Affiliate
"WACHOVIA PRIVATE CAPITAL, INC.",WELLS FARGO & COMPANY,Affiliate
"CORESTATES HOLDINGS, INC.",WELLS FARGO & COMPANY,Affiliate
WACHOVIA DEVELOPMENT CORPORATION,WELLS FARGO & COMPANY,Affiliate
FIRST UNION COMMUNITY DEVELOPMENT CORPORATION,WELLS FARGO & COMPANY,Affiliate
"WELLS FARGO CAPITAL FINANCE, INC.",WELLS FARGO & COMPANY,Affiliate
SUPERIOR GUARANTY INSURANCE COMPANY,WELLS FARGO & COMPANY,Affiliate
WELLS FARGO REGIONAL COMMUNITY DEVELOPMENT CORPORATION,WELLS FARGO & COMPANY,Affiliate
"TRSTE, INC.",WELLS FARGO & COMPANY,Affiliate
HOME SERVICES TITLE REINSURANCE COMPANY,WELLS FARGO & COMPANY,Affiliate
"WELLS FARGO INSURANCE SERVICES USA, INC.",WELLS FARGO & COMPANY,Affiliate
"CHESTNUT ASSET MANAGEMENT, INC.",WELLS FARGO & COMPANY,Affiliate
"RESIDENTIAL HOME MORTGAGE INVESTMENT, L.L.C.",WELLS FARGO & COMPANY,Affiliate
"WACHOVIA INVESTORS, INC.",WELLS FARGO & COMPANY,Affiliate
"WACHOVIA CAPITAL INVESTMENTS, INC.",WELLS FARGO & COMPANY,Affiliate
"NORWEST EQUITY CAPITAL, L.L.C.",WELLS FARGO & COMPANY,Affiliate
"WELLS FARGO ENERGY CAPITAL, INC.",WELLS FARGO & COMPANY,Affiliate
"TRSTE II, INC.",WELLS FARGO & COMPANY,Affiliate
FIRST UNION CAPITAL I,WELLS FARGO & COMPANY,Affiliate
FIRST UNION CAPITAL II,WELLS FARGO & COMPANY,Affiliate
WACHOVIA CAPITAL TRUST I,WELLS FARGO & COMPANY,Affiliate
WACHOVIA CAPITAL TRUST II,WELLS FARGO & COMPANY,Affiliate
CENTRAL FIDELITY CAPITAL TRUST I,WELLS FARGO & COMPANY,Affiliate
WACHOVIA COMMUNITY DEVELOPMENT CORPORATION,WELLS FARGO & COMPANY,Affiliate
WACHOVIA CAPITAL TRUST V,WELLS FARGO & COMPANY,Affiliate
"SAGUARO ASSET MANAGEMENT, INC.",WELLS FARGO & COMPANY,Affiliate
"PRIMROSE ASSET MANAGEMENT, INC.",WELLS FARGO & COMPANY,Affiliate
"GOLDENROD ASSET MANAGEMENT, INC.",WELLS FARGO & COMPANY,Affiliate
WELLS FARGO INTERNATIONAL INC.,WELLS FARGO & COMPANY,Affiliate
EVEREN CAPITAL CORPORATION,WELLS FARGO & COMPANY,Affiliate
WACHOVIA PREFERRED FUNDING HOLDING CORP.,WELLS FARGO & COMPANY,Affiliate
WFC HOLDINGS CORPORATION,WELLS FARGO & COMPANY,Affiliate
"FIRST INTERNATIONAL ADVISORS, LLC",WELLS FARGO & COMPANY,Affiliate
FPFC MANAGEMENT LLC,WELLS FARGO & COMPANY,Affiliate
"WELLS FARGO TRADE CAPITAL SERVICES, INC.",WELLS FARGO & COMPANY,Affiliate
"NORWEST LIMITED LP, LLLP",WELLS FARGO & COMPANY,Affiliate
"WELLS FARGO EXCHANGE SERVICES, INC.",WELLS FARGO & COMPANY,Affiliate
"TIBERIUS VENTURES, L.L.C.",WELLS FARGO & COMPANY,Affiliate
"AUGUSTUS VENTURES, L.L.C.",WELLS FARGO & COMPANY,Affiliate
"BRYAN, PENDLETON, SWATS & MCALLISTER, LLC",WELLS FARGO & COMPANY,Affiliate
"WELLS FARGO INVESTMENT GROUP, INC.",WELLS FARGO & COMPANY,Affiliate
"FUNC HOLDINGS, INC.",WELLS FARGO & COMPANY,Affiliate
ACO BROKERAGE HOLDINGS CORPORATION,WELLS FARGO & COMPANY,Affiliate
FIRST COMMUNITY CAPITAL TRUST I,WELLS FARGO & COMPANY,Affiliate
"STRUCTURED CREDIT PARTNERS, LLC",WELLS FARGO & COMPANY,Affiliate
WELLS FARGO CAPITAL IV,WELLS FARGO & COMPANY,Affiliate
"WF DEFERRED COMPENSATION HOLDINGS, INC.",WELLS FARGO & COMPANY,Affiliate
WELLS FARGO CAPITAL V,WELLS FARGO & COMPANY,Affiliate
"WELLS FARGO GAMING CAPITAL, LLC",WELLS FARGO & COMPANY,Affiliate
"UNION HAMILTON REINSURANCE, LTD.",WELLS FARGO & COMPANY,Affiliate
WELLS FARGO COMMUNITY DEVELOPMENT CORPORATION,WELLS FARGO & COMPANY,Affiliate
WELLS FARGO CAPITAL VI,WELLS FARGO & COMPANY,Affiliate
"SYNTHETIC FIXED-INCOME SECURITIES, INC.",WELLS FARGO & COMPANY,Affiliate
WACHOVIA PREFERRED FUNDING CORP.,WELLS FARGO & COMPANY,Affiliate
WELLS FARGO CAPITAL VII,WELLS FARGO & COMPANY,Affiliate
UNITED BANCORPORATION OF WYOMING CAPITAL TRUST I,WELLS FARGO & COMPANY,Affiliate
WELLS FARGO CAPITAL VIII,WELLS FARGO & COMPANY,Affiliate
CENTURY CAPITAL TRUST,WELLS FARGO & COMPANY,Affiliate
FIRST COMMUNITY CAPITAL TRUST III,WELLS FARGO & COMPANY,Affiliate
WELLS FARGO CAPITAL IX,WELLS FARGO & COMPANY,Affiliate
"STRUCTURED ASSET INVESTORS, LLC",WELLS FARGO & COMPANY,Affiliate
BLUEPOINT HOLDINGS LIMITED,WELLS FARGO & COMPANY,Affiliate
PLACER STATUTORY TRUST III,WELLS FARGO & COMPANY,Affiliate
UNITED BANCORPORATION OF WYOMING CAPITAL TRUST II,WELLS FARGO & COMPANY,Affiliate
MACRO*WORLD RESEARCH CORPORATION,WELLS FARGO & COMPANY,Affiliate
WACHOVIA CAPITAL TRUST III,WELLS FARGO & COMPANY,Affiliate
"EVERGREEN ALTERNATIVE CAPITAL, INC.",WELLS FARGO & COMPANY,Affiliate
WELLS FARGO CAPITAL X,WELLS FARGO & COMPANY,Affiliate
UNITED BANCORPORATION OF WYOMING CAPITAL TRUST III,WELLS FARGO & COMPANY,Affiliate
PLACER STATUTORY TRUST IV,WELLS FARGO & COMPANY,Affiliate
DANUBE HOLDINGS III C.V.,WELLS FARGO & COMPANY,Affiliate
WACHOVIA CAPITAL TRUST IV,WELLS FARGO & COMPANY,Affiliate
"WACHOVIA CAPITAL INVESTORS, INC.",WELLS FARGO & COMPANY,Affiliate
WACHOVIA CAPITAL TRUST IX,WELLS FARGO & COMPANY,Affiliate
"A.G. EDWARDS HEDGING SERVICES, INC.",WELLS FARGO & COMPANY,Affiliate
"A.G. EDWARDS CAPITAL, INC.",WELLS FARGO & COMPANY,Affiliate
"AGE CAPITAL HOLDING, INC.",WELLS FARGO & COMPANY,Affiliate
"WDS HOLDINGS, INC.",WELLS FARGO & COMPANY,Affiliate
WACHOVIA CAPITAL TRUST X,WELLS FARGO & COMPANY,Affiliate
WELLS FARGO CAPITAL XI,WELLS FARGO & COMPANY,Affiliate
WELLS FARGO CAPITAL XII,WELLS FARGO & COMPANY,Affiliate
"2007 VENTO II, LLC",WELLS FARGO & COMPANY,Affiliate
FCB/SC CAPITAL TRUST II,WELLS FARGO & COMPANY,Affiliate
"DFG HOLDINGS, LLC",WELLS FARGO & COMPANY,Affiliate
WELLS FARGO RELATIVE VALUE PORTFOLIO,WELLS FARGO & COMPANY,Affiliate
OVERLAND RELATIVE VALUE FUND LLC,WELLS FARGO & COMPANY,Affiliate
"OVERLAND ADVISORS, LLC",WELLS FARGO & COMPANY,Affiliate
WELLS FARGO SOPORTE GLOBAL LIMITADA,WELLS FARGO & COMPANY,Affiliate
"WELLS FARGO BANK, NATIONAL ASSOCIATION",WELLS FARGO & COMPANY,Affiliate
"CAPITOL FINANCE GROUP, INC.",WELLS FARGO & COMPANY,Affiliate
"RIDGEWORTH CAPITAL MANAGEMENT, INC.",SUNTRUST BANKS INC,Affiliate
NATIONAL COMMERCE CAPITAL TRUST I,SUNTRUST BANKS INC,Affiliate
SUNTRUST CAPITAL I,SUNTRUST BANKS INC,Affiliate
SUNTRUST CAPITAL III,SUNTRUST BANKS INC,Affiliate
SUNTRUST DELAWARE TRUST COMPANY,SUNTRUST BANKS INC,Affiliate
SUNTRUST CAPITAL IV,SUNTRUST BANKS INC,Affiliate
SUNTRUST CAPITAL V,SUNTRUST BANKS INC,Affiliate
GB&T BANCSHARES STATUTORY TRUST I,SUNTRUST BANKS INC,Affiliate
SOUTHERN HERITAGE STATUTORY TRUST I,SUNTRUST BANKS INC,Affiliate
NATIONAL COMMERCE CAPITAL TRUST II,SUNTRUST BANKS INC,Affiliate
SUNTRUST PREFERRED CAPITAL I,SUNTRUST BANKS INC,Affiliate
SUNTRUST INSTITUTIONAL INVESTMENT ADVISORS LLC,SUNTRUST BANKS INC,Affiliate
"SUNTRUST NLIP, INC.",SUNTRUST BANKS INC,Affiliate
NTC CAPITAL I,NORTHERN TRUST CORP,Affiliate
NTC CAPITAL II,NORTHERN TRUST CORP,Affiliate
NORTHERN TRUST OF COLORADO CORPORATION,NORTHERN TRUST CORP,Affiliate
"NORTHERN TRUST GLOBAL INVESTMENTS JAPAN, K.K.",NORTHERN TRUST CORP,Affiliate
NORTHERN TRUST EUROPEAN HOLDINGS LIMITED,NORTHERN TRUST CORP,Affiliate
"50 SOUTH CAPITAL ADVISORS, LLC",NORTHERN TRUST CORP,Affiliate
COMERICA CAPITAL TRUST I,COMERICA INC,Affiliate
COMERICA CAPITAL TRUST II,COMERICA INC,Affiliate
AMERICAN EXPRESS SERVICES EUROPE LIMITED,AMERICAN EXPRESS CO,Affiliate
AMERICAN EXPRESS FOUNDATION,AMERICAN EXPRESS CO,Affiliate
ALLY SECURITIES LLC,Ally Financial Inc,Affiliate
"BASIC CREDIT HOLDING COMPANY, L.L.C.",Ally Financial Inc,Affiliate
ALLY INVESTMENT MANAGEMENT LLC,Ally Financial Inc,Affiliate
ALLY US LLC,Ally Financial Inc,Affiliate
GMACI HOLDINGS LLC,Ally Financial Inc,Affiliate
VARIABLE ASSET RECEIVABLES LLC,Ally Financial Inc,Affiliate
GAMMA AUTO RECEIVABLES LLC,Ally Financial Inc,Affiliate
WHOLESALE AUTO RECEIVABLES LLC,Ally Financial Inc,Affiliate
RESMOR CAPITAL CORPORATION,Ally Financial Inc,Affiliate
CENTRAL ORIGINATING LEASE LLC,Ally Financial Inc,Affiliate
RFC INVESTMENTS LIMITED,Ally Financial Inc,Affiliate
AN CAPITAL CORPORATION,JPMORGAN CHASE & CO,Affiliate
MORGAN STANLEY & CO. LLC,MORGAN STANLEY,Affiliate
"MORGAN STANLEY PRIVATE BANK, NATIONAL ASSOCIATION",MORGAN STANLEY,Affiliate
"MORGAN STANLEY SENIOR FUNDING, INC.",MORGAN STANLEY,Affiliate
MORGAN STANLEY EMERGING MARKETS INC.,MORGAN STANLEY,Affiliate
MORGAN STANLEY TRUST NATIONAL ASSOCIATION,MORGAN STANLEY,Affiliate
MORGAN STANLEY SPECIAL SITUATIONS GROUP INC.,MORGAN STANLEY,Affiliate
MORGAN STANLEY ASSET FUNDING INC.,MORGAN STANLEY,Affiliate
MORGAN STANLEY INVESTMENT MANAGEMENT INC.,MORGAN STANLEY,Affiliate
MORGAN STANLEY COLLATERALIZED FINANCING LLC,MORGAN STANLEY,Affiliate
"MORGAN STANLEY CAPITAL MANAGEMENT, LLC",MORGAN STANLEY,Affiliate
MORGAN STANLEY CREDIT PRODUCTS LTD.,MORGAN STANLEY,Affiliate
MORGAN STANLEY DESHKA LLC,MORGAN STANLEY,Affiliate
MORGAN STANLEY EUROPA LLC,MORGAN STANLEY,Affiliate
MORGAN STANLEY ASTI INVESTMENTS LLC,MORGAN STANLEY,Affiliate
MORGAN STANLEY BISCAY LLC,MORGAN STANLEY,Affiliate
MORGAN STANLEY PORTFOLIO MANAGEMENT LLC,MORGAN STANLEY,Affiliate
MORGAN STANLEY DURHAM INVESTMENTS LIMITED,MORGAN STANLEY,Affiliate
MORGAN STANLEY DURANGO LLC,MORGAN STANLEY,Affiliate
MORGAN STANLEY ELAN LLC,MORGAN STANLEY,Affiliate
MORGAN STANLEY GASTORO INVESTMENTS LIMITED,MORGAN STANLEY,Affiliate
MORGAN STANLEY DOVER INVESTMENTS LIMITED,MORGAN STANLEY,Affiliate
MORGAN STANLEY AMANU LLC,MORGAN STANLEY,Affiliate
MORGAN STANLEY GLOBAL FUNDING TRUST,MORGAN STANLEY,Affiliate
MS DAINFERN LLC,MORGAN STANLEY,Affiliate
MORGAN STANLEY BARBERA ONE LIMITED,MORGAN STANLEY,Affiliate
MORGAN STANLEY GRENACHE THREE LIMITED,MORGAN STANLEY,Affiliate
MORGAN STANLEY UK CAPITAL LIMITED,MORGAN STANLEY,Affiliate
MORGAN STANLEY OVERSEAS FINANCE LTD.,MORGAN STANLEY,Affiliate
"MORGAN STANLEY PRINCIPAL FUNDING, INC.",MORGAN STANLEY,Affiliate
"MORGAN STANLEY SECAP FUNDING, LLC",MORGAN STANLEY,Affiliate
MORGAN STANLEY INTERNATIONAL INCORPORATED,MORGAN STANLEY,Affiliate
MORGAN STANLEY CAPITAL GROUP INC.,MORGAN STANLEY,Affiliate
MORGAN STANLEY CAPITAL SERVICES LLC,MORGAN STANLEY,Affiliate
MS REVEL EFS LLC,MORGAN STANLEY,Affiliate
SHUKSAN LLC,MORGAN STANLEY,Affiliate
MS MELVILLE LLC,MORGAN STANLEY,Affiliate
SHAVANO COOPERATIEVE U.A.,MORGAN STANLEY,Affiliate
MORGAN STANLEY LOWMAN LIMITED,MORGAN STANLEY,Affiliate
MORGAN STANLEY GRENACHE TWO LIMITED,MORGAN STANLEY,Affiliate
BONAIRE COOPERATIEVE U.A.,MORGAN STANLEY,Affiliate
MORGAN STANLEY (JERSEY) LIMITED,MORGAN STANLEY,Affiliate
MORGAN STANLEY HEDGING CO. LTD.,MORGAN STANLEY,Affiliate
MORGAN STANLEY GRENACHE ONE LIMITED,MORGAN STANLEY,Affiliate
MORGAN STANLEY HOXNE,MORGAN STANLEY,Affiliate
MORGAN STANLEY CUMBRIA INVESTMENTS,MORGAN STANLEY,Affiliate
MORGAN STANLEY SYRAH ONE LIMITED,MORGAN STANLEY,Affiliate
MORGAN STANLEY REALTY INCORPORATED,MORGAN STANLEY,Affiliate
MORGAN STANLEY SHOREDITCH LIMITED,MORGAN STANLEY,Affiliate
MS ROSEBANK LLC,MORGAN STANLEY,Affiliate
MSDW OFFSHORE EQUITY SERVICES INC.,MORGAN STANLEY,Affiliate
"MS 10020, INC.",MORGAN STANLEY,Affiliate
MS LION LLC,MORGAN STANLEY,Affiliate
MS PEGAU LLC,MORGAN STANLEY,Affiliate
MORGAN STANLEY WIND LLC,MORGAN STANLEY,Affiliate
"MSRESS III, INC.",MORGAN STANLEY,Affiliate
"SYCAMORE II, INC.",MORGAN STANLEY,Affiliate
MORGAN STANLEY INTERNATIONAL HOLDINGS INC.,MORGAN STANLEY,Affiliate
MAKATEA JV INC.,MORGAN STANLEY,Affiliate
MORGAN STANLEY DERIVATIVE PRODUCTS INC.,MORGAN STANLEY,Affiliate
MORGAN STANLEY SECURITIES INC.,MORGAN STANLEY,Affiliate
MORGAN STANLEY TINDUR LLC,MORGAN STANLEY,Affiliate
MORGAN STANLEY OCK,MORGAN STANLEY,Affiliate
SAENREDAM COOPERATIEVE U.A.,MORGAN STANLEY,Affiliate
MORGAN STANLEY MORTGAGE CAPITAL HOLDINGS LLC,MORGAN STANLEY,Affiliate
MORGAN STANLEY CAPITAL REIT INC.,MORGAN STANLEY,Affiliate
MORGAN STANLEY PREFERRED STRATEGIES INC.,MORGAN STANLEY,Affiliate
MS HOLDINGS INCORPORATED,MORGAN STANLEY,Affiliate
"MSPEA HOLDINGS, INC.",MORGAN STANLEY,Affiliate
"MSREF V, INC.",MORGAN STANLEY,Affiliate
MS LOW INCOME HOUSING CORPORATION,MORGAN STANLEY,Affiliate
"STRATEGIC INVESTMENTS I, INC.",MORGAN STANLEY,Affiliate
COURNOT HOLDINGS INC.,MORGAN STANLEY,Affiliate
MSDW INTERNATIONAL EMPLOYEE SERVICES LLC,MORGAN STANLEY,Affiliate
MORGAN STANLEY INVESTMENT ADVISORS INC.,MORGAN STANLEY,Affiliate
MORGAN STANLEY FIXED INCOME VENTURES INC.,MORGAN STANLEY,Affiliate
"MSREF IV, INC.",MORGAN STANLEY,Affiliate
"MSDW PE/VC HOLDINGS, INC.",MORGAN STANLEY,Affiliate
"MSDW CPIV HOLDINGS, INC.",MORGAN STANLEY,Affiliate
MORGAN STANLEY MUNICIPAL FUNDING INC.,MORGAN STANLEY,Affiliate
"MSAM HOLDINGS II, INC.",MORGAN STANLEY,Affiliate
"MORGAN STANLEY REAL ESTATE F FUNDING, INC.",MORGAN STANLEY,Affiliate
MORGAN STANLEY COMMERCIAL FINANCIAL SERVICES LLC,MORGAN STANLEY,Affiliate
"FV-I, INC.",MORGAN STANLEY,Affiliate
MS LOW INCOME HOUSING II CORPORATION,MORGAN STANLEY,Affiliate
CAUCA LLC,MORGAN STANLEY,Affiliate
BELMONDO LLC,MORGAN STANLEY,Affiliate
"MSIT HOLDINGS, INC.",MORGAN STANLEY,Affiliate
"MSDW REAL ESTATE SPECIAL SITUATIONS II, INC.",MORGAN STANLEY,Affiliate
MORGAN STANLEY EQUITY SERVICES INC.,MORGAN STANLEY,Affiliate
MORGAN STANLEY AI GP LLC,MORGAN STANLEY,Affiliate
MORGAN STANLEY STRATEGIES LLC,MORGAN STANLEY,Affiliate
"MORGAN STANLEY DARICA FUNDING, LLC",MORGAN STANLEY,Affiliate
"MORGAN STANLEY DEAN WITTER EQUITY FUNDING, INC.",MORGAN STANLEY,Affiliate
MORGAN STANLEY STINGRAY LLC,MORGAN STANLEY,Affiliate
BAYVIEW HOLDING LTD.,MORGAN STANLEY,Affiliate
MORGAN STANLEY SHANKLIN LIMITED,MORGAN STANLEY,Affiliate
FUEGOS LLC,MORGAN STANLEY,Affiliate
MORGAN STANLEY RENEWABLES INC.,MORGAN STANLEY,Affiliate
MORGAN STANLEY ALTABRIDGE LTD.,MORGAN STANLEY,Affiliate
MORGAN STANLEY SMITH BARNEY HOLDINGS LLC,MORGAN STANLEY,Affiliate
MORGAN STANLEY FINANCE LLC,MORGAN STANLEY,Affiliate
MORGAN STANLEY CAPITAL TRUST VIII,MORGAN STANLEY,Affiliate
MORGAN STANLEY CAPITAL TRUST VII,MORGAN STANLEY,Affiliate
MORGAN STANLEY CAPITAL TRUST VI,MORGAN STANLEY,Affiliate
MORGAN STANLEY CAPITAL TRUST - C,MORGAN STANLEY,Affiliate
MORGAN STANLEY CAPITAL TRUST - B,MORGAN STANLEY,Affiliate
MORGAN STANLEY CAPITAL TRUST - A,MORGAN STANLEY,Affiliate
MORGAN STANLEY CAPITAL TRUST V,MORGAN STANLEY,Affiliate
MORGAN STANLEY CAPITAL TRUST IV,MORGAN STANLEY,Affiliate
MORGAN STANLEY CAPITAL TRUST III,MORGAN STANLEY,Affiliate
"MSUH HOLDINGS I, INC.",MORGAN STANLEY,Affiliate
MORGAN STANLEY ABS CAPITAL I INC.,MORGAN STANLEY,Affiliate
"MORGAN STANLEY ATLAS, INC.",MORGAN STANLEY,Affiliate
"VENTURA HOLDINGS, INC.",MORGAN STANLEY,Affiliate
MORGAN STANLEY DISTRIBUTORS INC.,MORGAN STANLEY,Affiliate
"MSDW VP IV HOLDINGS, INC.",MORGAN STANLEY,Affiliate
"MSVP 2002, INC.",MORGAN STANLEY,Affiliate
MORGAN STANLEY CAPITAL I INC.,MORGAN STANLEY,Affiliate
"MSDW CAPITAL PARTNERS IV, INC.",MORGAN STANLEY,Affiliate
"MORGAN STANLEY VENTURE CAPITAL III, INC.",MORGAN STANLEY,Affiliate
"MORGAN STANLEY PRIVATE EQUITY ASIA, INC.",MORGAN STANLEY,Affiliate
"MORGAN STANLEY GLOBAL EMERGING MARKETS, INC.",MORGAN STANLEY,Affiliate
"MORGAN STANLEY LEVERAGED EQUITY FUND II, INC.",MORGAN STANLEY,Affiliate
MORGAN STANLEY DEAN WITTER INTERNATIONAL INCORPORATED,MORGAN STANLEY,Affiliate
"MORGAN STANLEY CAPITAL PARTNERS III, INC.",MORGAN STANLEY,Affiliate
"MSREF V FUNDING, INC.",MORGAN STANLEY,Affiliate
"MSDW VENTURE PARTNERS IV, INC.",MORGAN STANLEY,Affiliate
MSDW EFS HOLDINGS INC.,MORGAN STANLEY,Affiliate
"MORGAN STANLEY COMMERCIAL MORTGAGE CAPITAL, INC.",MORGAN STANLEY,Affiliate
"MSCP III HOLDINGS, INC.",MORGAN STANLEY,Affiliate
"MORGAN STANLEY REAL ESTATE ADVISOR, INC.",MORGAN STANLEY,Affiliate
MORGAN STANLEY OVERSEAS SERVICES (JERSEY) LIMITED,MORGAN STANLEY,Affiliate
MS VENTURE CAPITAL HOLDING INC.,MORGAN STANLEY,Affiliate
PETTINGELL LLC,MORGAN STANLEY,Affiliate
"MORGAN STANLEY REAL ESTATE INVESTMENT MANAGEMENT II, INC.",MORGAN STANLEY,Affiliate
MORGAN STANLEY DEVON INVESTMENTS LIMITED,MORGAN STANLEY,Affiliate
MORGAN STANLEY REAL ESTATE INVESTMENT MANAGEMENT INC.,MORGAN STANLEY,Affiliate
"JAPAN CORE FUNDING, INC.",MORGAN STANLEY,Affiliate
MR VENTURES INC.,MORGAN STANLEY,Affiliate
"PG INVESTORS II, INC.",MORGAN STANLEY,Affiliate
MORGAN STANLEY LEVERAGED EQUITY HOLDINGS INC.,MORGAN STANLEY,Affiliate
"MSREF REAL ESTATE ADVISOR, INC.",MORGAN STANLEY,Affiliate
"MSRE MEZZANINE, INC.",MORGAN STANLEY,Affiliate
"MORGAN STANLEY REAL ESTATE FUNDING II, INC.",MORGAN STANLEY,Affiliate
MUSUM II LLC,MORGAN STANLEY,Affiliate
"MORGAN STANLEY PRINCIPAL STRATEGIES, INC.",MORGAN STANLEY,Affiliate
MORGAN STANLEY FUND SERVICES INC.,MORGAN STANLEY,Affiliate
MS LOW INCOME HOUSING III CORPORATION,MORGAN STANLEY,Affiliate
"MSDW EMERGING EQUITY, INC.",MORGAN STANLEY,Affiliate
"MSREF III, INC.",MORGAN STANLEY,Affiliate
"MSREF II, INC.",MORGAN STANLEY,Affiliate
MSDW STRATEGIC VENTURES INC.,MORGAN STANLEY,Affiliate
MORGAN STANLEY DOMESTIC LEASING INC.,MORGAN STANLEY,Affiliate
"MSDW OIP INVESTORS, INC.",MORGAN STANLEY,Affiliate
MS HAWK I LLC,MORGAN STANLEY,Affiliate
"MORGAN STANLEY SECURITIZATION FUNDING, INC.",MORGAN STANLEY,Affiliate
MORGAN STANLEY REINSURANCE ALPHA LTD.,MORGAN STANLEY,Affiliate
MORGAN STANLEY LIFE HOLDING INCORPORATED,MORGAN STANLEY,Affiliate
MORGAN STANLEY SERVICES CANADA HOLDING CORP.,MORGAN STANLEY,Affiliate
MORGAN STANLEY CONTENT CORPORATION,MORGAN STANLEY,Affiliate
EARLY ADOPTER FUND MANAGER INC.,MORGAN STANLEY,Affiliate
MORGAN STANLEY MAYAK LIMITED,MORGAN STANLEY,Affiliate
"CORPORATE EQUIPMENT SUPPLIES, INC.",MORGAN STANLEY,Affiliate
MORGAN STANLEY GALWAY LLC,MORGAN STANLEY,Affiliate
MORGAN STANLEY BOSCASTLE HOLDING LIMITED,MORGAN STANLEY,Affiliate
"PG HOLDINGS, INC.",MORGAN STANLEY,Affiliate
MORGAN STANLEY MALBEC LLC,MORGAN STANLEY,Affiliate
MORGAN STANLEY WHITE HORSE UK,MORGAN STANLEY,Affiliate
MORGAN STANLEY CAPITAL REIT IV INC.,MORGAN STANLEY,Affiliate
MS STRUCTURED ASSET CORP.,MORGAN STANLEY,Affiliate
"MSEOF, INC.",MORGAN STANLEY,Affiliate
"MSVP 2002 HOLDINGS, INC.",MORGAN STANLEY,Affiliate
"MORGAN STANLEY GLOBAL STRATEGIES MANAGEMENT HOLDINGS, INC.",MORGAN STANLEY,Affiliate
MORGAN STANLEY BARENTS LLC,MORGAN STANLEY,Affiliate
"TOOELE POWER, INC.",MORGAN STANLEY,Affiliate
WIWILI V LLC,MORGAN STANLEY,Affiliate
MORGAN STANLEY CAPITAL PRODUCTS LLC,MORGAN STANLEY,Affiliate
MORGAN STANLEY SECURED FINANCING LLC,MORGAN STANLEY,Affiliate
"MSREI HOLDING, INC.",MORGAN STANLEY,Affiliate
"MORGAN STANLEY NLE, LLC",MORGAN STANLEY,Affiliate
MORGAN STANLEY REINSURANCE LTD.,MORGAN STANLEY,Affiliate
MORGAN STANLEY STRUCTURED PRODUCTS (CAYMAN) LIMITED,MORGAN STANLEY,Affiliate
JOLTER INVESTMENTS INC.,MORGAN STANLEY,Affiliate
"MS TECHNOLOGY HOLDINGS, INC.",MORGAN STANLEY,Affiliate
MORGAN STANLEY RISK SERVICES LLC,MORGAN STANLEY,Affiliate
MORGAN STANLEY SERVICES INC.,MORGAN STANLEY,Affiliate
MORGAN STANLEY COMMUNITY INVESTMENTS LLC,MORGAN STANLEY,Affiliate
"CAPITAL ONE, NATIONAL ASSOCIATION",CAPITAL ONE FINANCIAL CORP,Affiliate
NORTH FORK CAPITAL TRUST I,CAPITAL ONE FINANCIAL CORP,Affiliate
NORTH FORK CAPITAL TRUST II,CAPITAL ONE FINANCIAL CORP,Affiliate
"CAPITAL ONE SECURITIES, INC.",CAPITAL ONE FINANCIAL CORP,Affiliate
"ING BANK, FSB",CAPITAL ONE FINANCIAL CORP,Affiliate
RELIANCE CAPITAL TRUST I,CAPITAL ONE FINANCIAL CORP,Affiliate
CAPITAL ONE SERVICES (CANADA) INC.,CAPITAL ONE FINANCIAL CORP,Affiliate
COASTAL CAPITAL TRUST I,CAPITAL ONE FINANCIAL CORP,Affiliate
COASTAL CAPITAL TRUST II,CAPITAL ONE FINANCIAL CORP,Affiliate
CAPITAL ONE CAPITAL II,CAPITAL ONE FINANCIAL CORP,Affiliate
CAPITAL ONE CAPITAL III,CAPITAL ONE FINANCIAL CORP,Affiliate
CAPITAL ONE CAPITAL IV,CAPITAL ONE FINANCIAL CORP,Affiliate
CAPITAL ONE CAPITAL V,CAPITAL ONE FINANCIAL CORP,Affiliate
CAPITAL ONE CAPITAL VI,CAPITAL ONE FINANCIAL CORP,Affiliate
"CAPITAL ONE DIRECT SECURITIES, INC.",CAPITAL ONE FINANCIAL CORP,Affiliate
"GOLDMAN, SACHS & CO.",GOLDMAN SACHS GROUP INC,Affiliate
GOLDMAN SACHS BANK USA,GOLDMAN SACHS GROUP INC,Affiliate
"GOLDMAN, SACHS & CO. WERTPAPIER GMBH",GOLDMAN SACHS GROUP INC,Affiliate
"MTGLQ INVESTORS, L.P.",GOLDMAN SACHS GROUP INC,Affiliate
GOLDMAN SACHS HEDGE FUND STRATEGIES LLC,GOLDMAN SACHS GROUP INC,Affiliate
COMMONWEALTH ANNUITY AND LIFE INSURANCE COMPANY,GOLDMAN SACHS GROUP INC,Affiliate
GOLDMAN SACHS CAPITAL II,GOLDMAN SACHS GROUP INC,Affiliate
GS FINANCE CORP.,GOLDMAN SACHS GROUP INC,Affiliate
OOO GOLDMAN SACHS BANK,GOLDMAN SACHS GROUP INC,Affiliate
"SPECIAL SITUATIONS INVESTING GROUP, INC.",GOLDMAN SACHS GROUP INC,Affiliate
GS MORTGAGE SECURITIES CORP.,GOLDMAN SACHS GROUP INC,Affiliate
GOLDMAN SACHS CAPITAL I,GOLDMAN SACHS GROUP INC,Affiliate
EQUILEND HOLDINGS LLC,NORTHERN TRUST CORP,Affiliate
"BROAD STREET PRINCIPAL INVESTMENTS, L.L.C.",GOLDMAN SACHS GROUP INC,Affiliate
"DAESUNG INDUSTRIAL GASES CO., LTD.",GOLDMAN SACHS GROUP INC,Affiliate
GSAM HOLDINGS LLC,GOLDMAN SACHS GROUP INC,Affiliate
MELLON CAPITAL I,Bank of New York Mellon Corp,Affiliate
MELLON CAPITAL II,Bank of New York Mellon Corp,Affiliate
BNY CAPITAL I,Bank of New York Mellon Corp,Affiliate
BNY INSTITUTIONAL CAPITAL TRUST A,Bank of New York Mellon Corp,Affiliate
"MIPA, LLC",Bank of New York Mellon Corp,Affiliate
BNY MELLON DISTRIBUTORS HOLDINGS INC.,Bank of New York Mellon Corp,Affiliate
BNY CAPITAL IV,Bank of New York Mellon Corp,Affiliate
MCDI (HOLDINGS) LLC,Bank of New York Mellon Corp,Affiliate
MELLON HOLDINGS LLC,Bank of New York Mellon Corp,Affiliate
MAM (MA) HOLDING TRUST,Bank of New York Mellon Corp,Affiliate
BNY CAPITAL V,Bank of New York Mellon Corp,Affiliate
PERSHING GROUP LLC,Bank of New York Mellon Corp,Affiliate
MELLON CAPITAL III,Bank of New York Mellon Corp,Affiliate
MELLON CAPITAL IV,Bank of New York Mellon Corp,Affiliate
"BNY MELLON CLEARING, LLC",Bank of New York Mellon Corp,Affiliate
BNY MELLON CSD,Bank of New York Mellon Corp,Affiliate
BANK OF NEW CASTLE,Discover Financial Services,Affiliate
DISCOVER BANK,Discover Financial Services,Affiliate
"DISCOVER FINANCIAL SERVICES (CANADA), INC.",Discover Financial Services,Affiliate
DFS SERVICES LLC,Discover Financial Services,Affiliate
DISCOVER FINANCIAL SERVICES (HONG KONG) LIMITED,Discover Financial Services,Affiliate
"DISCOVER FINANCIAL SERVICES INSURANCE AGENCY, INC.",Discover Financial Services,Affiliate
CHARLES SCHWAB CORPORATION. THE,GREAT WESTERN FINANCIAL CORPORATION,competition
GENERAL ELECTRIC CAPITAL CORPORATION,HK RAV V PARTNERSHIP. THE,competition
YARDVILLE BRANCH,BBANDT CORPORATION,competition
CUSTODIAL TRUST COMPANY,JPMORGAN CHASE AND CO.,competition
NORTH AKARD STREET BRANCH,WAUKEGAN OFFICE,competition
BRACEBRIDGE CORPORATION,BANKBOSTON CAPITAL TRUST I,competition
ARCTURUS TRUSTEE LIMITED,AVON 56 LIMITED,competition
FANDM TRUST COMPANY,F AND H REALTY CORPORATION,competition
JPM CAPITAL TRUST I,FREEDOM FINANCIAL LIFE INSURANCE COMPANY,competition
GALESBURG BRANCH,BRINKLEY PLAZA BRANCH,competition
IBI AND ASSOCIATES,GREAT WESTERN FINANCIAL CORPORATION,competition
GE CAPITAL DE MEXICO. S. DE R. L. DE C. V.,BAY STATE CORPORATION LIMITED,competition
CREDIT AND ASSET REPACKAGING VEHICLE CORPORATION,CITIBANK USA. NATIONAL ASSOCIATION,competition
MASON-DIXON CAPITAL TRUST,NEW CENTURY FINANCIAL CORPORATION,competition
GE CAPITAL DE MEXICO. S. DE R. L. DE C. V.,DALTON MAIN BRANCH,competition
CONESTOGA MANAGEMENT COMPANY,IBI AND ASSOCIATES,competition
CHIBA BANK. LTD.. THE,GLOBAL ATLANTIC FINANCIAL GROUP LIMITED,competition
RBI CAPITAL TRUST I,WILMINGTON TRUST CORPORATION,competition
CHASE MORTGAGE FINANCE CORPORATION,WHITEHALL STREET GLOBAL REAL ESTATE LIMITED PARTNERSHIP 2001,competition
CHASE MORTGAGE FINANCE CORPORATION,BRISTOL EXIT 7 BRANCH,competition
STERLING ASSURANCE COMPANY,KENNEDY PLAZA,competition
CAPITAL ONE. NATIONAL ASSOCIATION,SUMMIT COMMERCIAL LEASING CORPORATION,competition
SUMMIT COMMERCIAL LEASING CORPORATION,BAY STATE CORPORATION LIMITED,competition
SUMMIT COMMERCIAL LEASING CORPORATION,GREAT WESTERN FINANCIAL CORPORATION,competition
BAY STATE CORPORATION LIMITED,GREAT WESTERN FINANCIAL CORPORATION,competition
60 WALL STREET BRANCH,BANC ONE ARIZONA INVESTMENT CORPORATION,competition
BNY MELLON COMMUNITY DEVELOPMENT CORPORATION,MFI HOLDING CORPORATION,competition
FIRST SECURITY LEASING COMPANY,COASTAL CAPITAL TRUST I,competition
601 WEST 5TH STREET OFFICE,BAY STATE CORPORATION LIMITED,competition
LINCOLN FIRST REAL ESTATE CREDIT CORPORATION,NEW YORK EQUITY FUND 1993 LIMITED PARTNERSHIP,competition
RICHMOND RIVERFRONT BRANCH,BRINKLEY PLAZA BRANCH,competition
CNB CAPITAL TRUST I,FIFTH THIRD CAPITAL TRUST V,competition
COASTAL CAPITAL TRUST I,BAY STATE CORPORATION LIMITED,competition
SEATTLE BRANCH,GREAT WESTERN FINANCIAL CORPORATION,competition
CHIBA BANK. LTD.. THE,KATY BRANCH,competition
KATY BRANCH,GLOBAL ATLANTIC FINANCIAL GROUP LIMITED,competition
CHASE MORTGAGE FINANCE CORPORATION,NATIONAL EQUITY FUND 2000,competition
VANCOUVER MAIN OFFICE,SEATTLE BRANCH,competition
VANCOUVER MAIN OFFICE,601 WEST 5TH STREET OFFICE,competition
KENNEDY PLAZA,SUMMIT CAPITAL TRUST I,competition
CHARLES SCHWAB CORPORATION. THE,FIRST SECURITY LEASING COMPANY,competition
VANCOUVER MAIN OFFICE,FIRST SECURITY LEASING COMPANY,competition
HUNTINGTON BANCSHARES INCORPORATED,MBC FINANCIAL CORPORATION,competition
CAPITAL ONE BANK (USA). NATIONAL ASSOCIATION,ONYX ACCEPTANCE CORPORATION,competition
COASTAL PLANNERS HOLDING CORPORATION,COMMUNITY HISTORIC CREDIT FUND V LIMITED PARTNERSHIP,competition
IBI AND ASSOCIATES,SEATTLE BRANCH,competition
STERLING ASSURANCE COMPANY,PNC FINANCIAL SERVICES GROUP. INC.. THE,competition
CHASE MORTGAGE FINANCE CORPORATION,CREDIT AND ASSET REPACKAGING VEHICLE CORPORATION,competition
LINCOLN FIRST REAL ESTATE CREDIT CORPORATION,BROAD STREET DOWNTOWN,competition
ADAM CAPITAL TRUST I,SPARTANBURG MAIN BRANCH,competition
ADAM CAPITAL TRUST I,GLOBAL ATLANTIC FINANCIAL GROUP LIMITED,competition
B OF A ISSUANCE B.V.,RECEIVABLES-ONLINE CORPORATION,competition
IBI AND ASSOCIATES,NEW CENTURY FINANCIAL CORPORATION,competition
FIRST SECURITY LEASING COMPANY,GREAT WESTERN FINANCIAL CORPORATION,competition
FIRST SECURITY CORPORATION,CHASE INTERNATIONAL CAPITAL FINANCE LIMITED,competition
BANK OF TOKYO-MITSUBISHI UFJ. LTD.. THE,DREYFUS CORPORATION. THE,competition
YARDVILLE BRANCH,LOUISVILLE MAIN OFFICE,competition
GENERAL ELECTRIC CREDIT CORPORATION OF TENNESSEE,JPM CAPITAL TRUST I,competition
GENERAL ELECTRIC CREDIT CORPORATION OF TENNESSEE,FREEDOM FINANCIAL LIFE INSURANCE COMPANY,competition
SPARTANBURG MAIN BRANCH,SKY BANK,competition
SECURITY-FIRST COMPANY,HYATT HOTELS CORPORATION,competition
BOI LEASING CORPORATION,NEW YORK EQUITY FUND 1994 LIMITED PARTNERSHIP,competition
ADAM CAPITAL TRUST I,BOSTON BRANCH,competition
BANKAMERICA CORPORATION,CHASE CAPITAL VII,competition
WEST SUBSIDIARY CORPORATION,GALESBURG BRANCH,competition
WEST SUBSIDIARY CORPORATION,SEATTLE BRANCH,competition
BAC CAPITAL TRUST XI,KATY BRANCH,competition
BAC CAPITAL TRUST XI,KENNEDY PLAZA,competition
BANKBOSTON CAPITAL TRUST I,IBI AND ASSOCIATES,competition
BRACEBRIDGE CORPORATION,COASTAL CAPITAL TRUST I,competition
MASON-DIXON CAPITAL TRUST,DALTON MAIN BRANCH,competition
GALESBURG BRANCH,DALTON MAIN BRANCH,competition
MELLON CAPITAL I,MAM (DE) TRUST,competition
CNB CAPITAL TRUST I,FIFTH THIRD FINANCIAL CORPORATION,competition
CNB CAPITAL TRUST I,IBI AND ASSOCIATES,competition
FIFTH THIRD FINANCIAL CORPORATION,PNC FINANCIAL SERVICES GROUP. INC.. THE,competition
BANKBOSTON CAPITAL TRUST I,AVON 56 LIMITED,competition
BRACEBRIDGE CORPORATION,AVON 56 LIMITED,competition
MORGAN STANLEY,BANKBOSTON CAPITAL TRUST I,competition
BRACEBRIDGE CORPORATION,MORGAN STANLEY,competition
STERLING ASSURANCE COMPANY,SUMMIT COMMERCIAL LEASING CORPORATION,competition
CNB CAPITAL TRUST I,CUSTODIAL TRUST COMPANY,competition
JPMORGAN CHASE AND CO.,PNC FINANCIAL SERVICES GROUP. INC.. THE,competition
KEYCORP,BLC BANK NATIONAL ASSOCIATION,competition
ADAM CAPITAL TRUST I,CHIBA BANK. LTD.. THE,competition
SECURITY-FIRST COMPANY,J.P. MORGAN CHASE COMMUNITY DEVELOPMENT CORPORATION,competition
GENERAL ELECTRIC CREDIT AND LEASING CORPORATION,J.P. MORGAN CHASE COMMUNITY DEVELOPMENT CORPORATION,competition
HYATT HOTELS CORPORATION,J.P. MORGAN CHASE COMMUNITY DEVELOPMENT CORPORATION,competition
GENERAL ELECTRIC CREDIT AND LEASING CORPORATION,HYATT HOTELS CORPORATION,competition
NORTH AKARD STREET BRANCH,AVON 56 LIMITED,competition
GENERAL ELECTRIC CREDIT AND LEASING CORPORATION,AVON 56 LIMITED,competition
SECURITY-FIRST COMPANY,GENERAL ELECTRIC CREDIT AND LEASING CORPORATION,competition
NATIONAL EQUITY FUND 2000,REAL ESTATE COLLATERAL MANAGEMENT COMPANY,competition
REAL ESTATE COLLATERAL MANAGEMENT COMPANY,BELMONT FINANCIAL NETWORK,competition
CREDIT AND ASSET REPACKAGING VEHICLE CORPORATION,WHITEHALL STREET GLOBAL REAL ESTATE LIMITED PARTNERSHIP 2001,competition
RIVERTON STATE BANK HOLDING COMPANY,SKY BANK,competition
FREEDOM FINANCIAL LIFE INSURANCE COMPANY,CHASE CAPITAL VII,competition
BANKAMERICA CORPORATION,SKY BANK,competition
SKY BANK,CHASE CAPITAL VII,competition
FIRST SECURITY CORPORATION,MUSTANG FINANCIAL CORPORATION,competition
VANCOUVER MAIN OFFICE,FIRST SECURITY CORPORATION,competition
GENERAL ELECTRIC CREDIT CORPORATION OF TENNESSEE,GE CAPITAL TRADE SERVICES. LIMITED,competition
CNB CAPITAL TRUST I,PINEDALE BRANCH,competition
PINEDALE BRANCH,BLC BANK NATIONAL ASSOCIATION,competition
PINEDALE BRANCH,PNC FINANCIAL SERVICES GROUP. INC.. THE,competition
60 WALL STREET BRANCH,STERLING ASSURANCE COMPANY,competition
ALCYONE CORPORATION,MCKNIGHT BRANCH,competition
STERLING ASSURANCE COMPANY,CHASE INTERNATIONAL CAPITAL FINANCE LIMITED,competition
60 WALL STREET BRANCH,CHASE INTERNATIONAL CAPITAL FINANCE LIMITED,competition
STERLING ASSURANCE COMPANY,PARK ASSURANCE COMPANY,competition
GE CAPITAL ASSIGNMENT CORPORATION,EQUITY ASSET INVESTMENT TRUST,competition
ALCYONE CORPORATION,CITIBANK USA. NATIONAL ASSOCIATION,competition
MCKNIGHT BRANCH,GE CAPITAL COMMERCIAL MORTGAGE CORPORATION,competition
NOBILITY HILL REALTY TRUST,STERLING ASSURANCE COMPANY,competition
GALESBURG BRANCH,BAY STATE CORPORATION LIMITED,competition
SOUTHERN HERITAGE STATUTORY TRUST I,AVON 56 LIMITED,competition
GE CAPITAL TRADE SERVICES. LIMITED,AVON 56 LIMITED,competition
60 WALL STREET BRANCH,BANKBOSTON CAPITAL TRUST I,competition
60 WALL STREET BRANCH,BRACEBRIDGE CORPORATION,competition
NORTHERN TRUST COMPANY OF DELAWARE. THE,NEW YORK EQUITY FUND 1993 LIMITED PARTNERSHIP,competition
ISM,ALCYONE CORPORATION,competition
MASON-DIXON CAPITAL TRUST,STERLING ASSURANCE COMPANY,competition
FIFTH THIRD FINANCIAL CORPORATION,SUMMIT CAPITAL TRUST I,competition
ONE PERCENT HOLDING CORPORATION,JPM CAPITAL TRUST I,competition
STERLING FINANCIAL STATUTORY TRUST V,BA CONTINUUM MANAGEMENT LIMITED,competition
YARDVILLE BRANCH,CHESTERTOWN BRANCH,competition
PINEDALE BRANCH,CHESTERTOWN BRANCH,competition
BANKAMERICA CORPORATION,PINEDALE BRANCH,competition
PINEDALE BRANCH,YARDVILLE BRANCH,competition
BRINKLEY PLAZA BRANCH,BAY STATE CORPORATION LIMITED,competition
CAPITAL ONE. NATIONAL ASSOCIATION,BRINKLEY PLAZA BRANCH,competition
CNB CAPITAL TRUST I,RIVERTON STATE BANK HOLDING COMPANY,competition
RIVERTON STATE BANK HOLDING COMPANY,BLC BANK NATIONAL ASSOCIATION,competition
RIVERTON STATE BANK HOLDING COMPANY,BAY STATE CORPORATION LIMITED,competition
CAPITAL ONE. NATIONAL ASSOCIATION,RIVERTON STATE BANK HOLDING COMPANY,competition
BLC BANK NATIONAL ASSOCIATION,BAY STATE CORPORATION LIMITED,competition
CNB CAPITAL TRUST I,BAY STATE CORPORATION LIMITED,competition
BANK OF TOKYO-MITSUBISHI UFJ. LTD.. THE,BANC ONE ARIZONA INVESTMENT CORPORATION,competition
ONYX ACCEPTANCE CORPORATION,BANC ONE ARIZONA INVESTMENT CORPORATION,competition
BANK OF TOKYO-MITSUBISHI UFJ. LTD.. THE,ONYX ACCEPTANCE CORPORATION,competition
ONE PERCENT HOLDING CORPORATION,BANC ONE ARIZONA INVESTMENT CORPORATION,competition
BROAD STREET DOWNTOWN,CAPITAL ONE. NATIONAL ASSOCIATION,competition
BROAD STREET DOWNTOWN,MAM (DE) TRUST,competition
CAPITAL ONE. NATIONAL ASSOCIATION,MAM (DE) TRUST,competition
BROAD STREET DOWNTOWN,BOSTON BRANCH,competition
KATY BRANCH,CHESTERTOWN BRANCH,competition
CAPITAL ONE. NATIONAL ASSOCIATION,KATY BRANCH,competition
BROAD STREET DOWNTOWN,BAY STATE CORPORATION LIMITED,competition
ALCYONE CORPORATION,GE CAPITAL COMMERCIAL MORTGAGE CORPORATION,competition
MELLON CAPITAL I,NORTHERN TRUST COMPANY OF DELAWARE. THE,competition
COASTAL PLANNERS HOLDING CORPORATION,DREYFUS CORPORATION. THE,competition
COASTAL PLANNERS HOLDING CORPORATION,MELLON CAPITAL I,competition
MASON-DIXON CAPITAL TRUST,NORTHERN TRUST COMPANY OF DELAWARE. THE,competition
RICHMOND RIVERFRONT BRANCH,DALTON MAIN BRANCH,competition
YARDVILLE BRANCH,DALTON MAIN BRANCH,competition
YARDVILLE BRANCH,BRINKLEY PLAZA BRANCH,competition
HAMBRECHT AND QUIST GROUP,CHARLES SCHWAB CORPORATION. THE,competition
HAMBRECHT AND QUIST GROUP,DALTON MAIN BRANCH,competition
CHARLES SCHWAB CORPORATION. THE,IBI AND ASSOCIATES,competition
REAL ESTATE COLLATERAL MANAGEMENT COMPANY,CITIBANK USA. NATIONAL ASSOCIATION,competition
MCKNIGHT BRANCH,NATIONAL EQUITY FUND 2000,competition
ARIEL CAPITAL REINSURANCE COMPANY. LIMITED,NATIONAL EQUITY FUND 2000,competition
MCKNIGHT BRANCH,STATE STREET SOUTHERN AFRICA PROPRIETARY LIMITED,competition
MCKNIGHT BRANCH,BRISTOL EXIT 7 BRANCH,competition
MCKNIGHT BRANCH,BELMONT FINANCIAL NETWORK,competition
FARMINGTON NM BRANCH,BRISTOL EXIT 7 BRANCH,competition
LINCOLN FIRST REAL ESTATE CREDIT CORPORATION,ARIEL CAPITAL REINSURANCE COMPANY. LIMITED,competition
ISM,ARIEL CAPITAL REINSURANCE COMPANY. LIMITED,competition
ALCYONE CORPORATION,STATE STREET SOUTHERN AFRICA PROPRIETARY LIMITED,competition
CHASE MORTGAGE FINANCE CORPORATION,STATE STREET SOUTHERN AFRICA PROPRIETARY LIMITED,competition
FARMINGTON NM BRANCH,GE CAPITAL COMMERCIAL MORTGAGE CORPORATION,competition
LINCOLN FIRST REAL ESTATE CREDIT CORPORATION,IBI AND ASSOCIATES,competition
LINCOLN FIRST REAL ESTATE CREDIT CORPORATION,CONESTOGA MANAGEMENT COMPANY,competition
LINCOLN FIRST REAL ESTATE CREDIT CORPORATION,ISM,competition
STATE STREET SOUTHERN AFRICA PROPRIETARY LIMITED,CITIBANK USA. NATIONAL ASSOCIATION,competition
CONESTOGA MANAGEMENT COMPANY,CITIBANK USA. NATIONAL ASSOCIATION,competition
ALCYONE CORPORATION,FARMINGTON NM BRANCH,competition
FARMINGTON NM BRANCH,STATE STREET SOUTHERN AFRICA PROPRIETARY LIMITED,competition
ALCYONE CORPORATION,CREDIT AND ASSET REPACKAGING VEHICLE CORPORATION,competition
MCKNIGHT BRANCH,FARMINGTON NM BRANCH,competition
STERLING FINANCIAL STATUTORY TRUST V,SALT LAKE CITY BRANCH,competition
CHASE INTERNATIONAL CAPITAL FINANCE LIMITED,SALT LAKE CITY BRANCH,competition
KENNEDY PLAZA,CHASE CAPITAL VII,competition
FIRST SECURITY CORPORATION,GALESBURG BRANCH,competition
COASTAL PLANNERS HOLDING CORPORATION,GALESBURG BRANCH,competition
COASTAL PLANNERS HOLDING CORPORATION,KENNEDY PLAZA,competition
FIRST SECURITY CORPORATION,CHASE CAPITAL VII,competition
STERLING FINANCIAL STATUTORY TRUST V,BAY STATE CORPORATION LIMITED,competition
BRACEBRIDGE CORPORATION,BAY STATE CORPORATION LIMITED,competition
BANKBOSTON CAPITAL TRUST I,BAY STATE CORPORATION LIMITED,competition
ONYX ACCEPTANCE CORPORATION,KATY BRANCH,competition
CHASE CAPITAL HOLDING CORPORATION,ONE PERCENT HOLDING CORPORATION,competition
MORGAN STANLEY,KATY BRANCH,competition
MORGAN STANLEY,CHASE CAPITAL HOLDING CORPORATION,competition
KATY BRANCH,CHASE CAPITAL HOLDING CORPORATION,competition
KATY BRANCH,601 WEST 5TH STREET OFFICE,competition
CAPITAL ONE FINANCIAL CORPORATION,GENERAL ELECTRIC CREDIT CORPORATION OF TENNESSEE,competition
RICHMOND RIVERFRONT BRANCH,HYATT HOTELS CORPORATION,competition
MICHIGAN FINANCIAL CORPORATION,BRINKLEY PLAZA BRANCH,competition
CAPITAL ONE FINANCIAL CORPORATION,FALCON AUTO DEALERSHIP LOAN TRUST 2001-1,competition
CHIBA BANK. LTD.. THE,CHARLES SCHWAB CORPORATION. THE,competition
CAPITAL ONE FINANCIAL CORPORATION,CHASE CAPITAL VII,competition
WEST SUBSIDIARY CORPORATION,CHASE CAPITAL VII,competition
RICHMOND RIVERFRONT BRANCH,BBANDT CORPORATION,competition
BBANDT CORPORATION,HYATT HOTELS CORPORATION,competition
CAPITAL ONE. NATIONAL ASSOCIATION,ONYX ACCEPTANCE CORPORATION,competition
BROAD STREET DOWNTOWN,ONYX ACCEPTANCE CORPORATION,competition
MICHIGAN FINANCIAL CORPORATION,BAY STATE CORPORATION LIMITED,competition
ONYX ACCEPTANCE CORPORATION,MICHIGAN FINANCIAL CORPORATION,competition
ONYX ACCEPTANCE CORPORATION,BRINKLEY PLAZA BRANCH,competition
ONYX ACCEPTANCE CORPORATION,SKY BANK,competition
SKY BANK,BAY STATE CORPORATION LIMITED,competition
STERLING FINANCIAL STATUTORY TRUST V,SKY BANK,competition
STERLING FINANCIAL STATUTORY TRUST V,BRINKLEY PLAZA BRANCH,competition
STERLING FINANCIAL STATUTORY TRUST V,MICHIGAN FINANCIAL CORPORATION,competition
STERLING FINANCIAL STATUTORY TRUST V,CHESTERTOWN BRANCH,competition
STERLING FINANCIAL STATUTORY TRUST V,KATY BRANCH,competition
MAM (DE) TRUST,BRINKLEY PLAZA BRANCH,competition
BROAD STREET DOWNTOWN,BRINKLEY PLAZA BRANCH,competition
BROAD STREET DOWNTOWN,STERLING FINANCIAL STATUTORY TRUST V,competition
STERLING FINANCIAL STATUTORY TRUST V,ONYX ACCEPTANCE CORPORATION,competition
VANCOUVER MAIN OFFICE,MICHIGAN FINANCIAL CORPORATION,competition
GALESBURG BRANCH,NORTHERN TRUST COMPANY OF DELAWARE. THE,competition
GALESBURG BRANCH,MICHIGAN FINANCIAL CORPORATION,competition
CHARLES SCHWAB CORPORATION. THE,BBANDT CORPORATION,competition
CHARLES SCHWAB CORPORATION. THE,MORGAN STANLEY,competition
CAPITAL ONE. NATIONAL ASSOCIATION,COASTAL CAPITAL TRUST I,competition
HAMBRECHT AND QUIST GROUP,CAPITAL ONE. NATIONAL ASSOCIATION,competition
CHASE INTERNATIONAL CAPITAL FINANCE LIMITED,HYATT HOTELS CORPORATION,competition
FIRST SECURITY LEASING COMPANY,BBANDT CORPORATION,competition
BNY MELLON COMMUNITY DEVELOPMENT CORPORATION,MILLSBORO BRANCH,competition
BROAD STREET DOWNTOWN,MELLON CAPITAL I,competition
GENERAL ELECTRIC CAPITAL CORPORATION,CAPITAL ONE FINANCIAL CORPORATION,competition
CAPITAL ONE FINANCIAL CORPORATION,HK RAV V PARTNERSHIP. THE,competition
GENERAL ELECTRIC CAPITAL CORPORATION,GENERAL ELECTRIC CREDIT CORPORATION OF TENNESSEE,competition
GENERAL ELECTRIC CREDIT CORPORATION OF TENNESSEE,HK RAV V PARTNERSHIP. THE,competition
BNY MELLON COMMUNITY DEVELOPMENT CORPORATION,HK RAV V PARTNERSHIP. THE,competition
CHARLES SCHWAB CORPORATION. THE,SKY BANK,competition
RIVERTON STATE BANK HOLDING COMPANY,BBANDT CORPORATION,competition
CHARLES SCHWAB CORPORATION. THE,MUSTANG FINANCIAL CORPORATION,competition
MUSTANG FINANCIAL CORPORATION,BBANDT CORPORATION,competition
FIRST SECURITY LEASING COMPANY,SKY BANK,competition
BBANDT CORPORATION,HK RAV V PARTNERSHIP. THE,competition
GENERAL ELECTRIC CAPITAL CORPORATION,MUSTANG FINANCIAL CORPORATION,competition
SKY BANK,HK RAV V PARTNERSHIP. THE,competition
CNB CAPITAL TRUST I,SKY BANK,competition
STERLING FINANCIAL STATUTORY TRUST V,BNY MELLON COMMUNITY DEVELOPMENT CORPORATION,competition
SOUTHERN HERITAGE STATUTORY TRUST I,MILLSBORO BRANCH,competition
MILLSBORO BRANCH,AVON 56 LIMITED,competition
AVON 56 LIMITED,HELLER LDA.,competition
CAPITAL ONE FINANCIAL CORPORATION,MFI HOLDING CORPORATION,competition
CHASE CAPITAL HOLDING CORPORATION,PIONEER CREDIT CORPORATION,competition
CHASE CAPITAL HOLDING CORPORATION,MFI HOLDING CORPORATION,competition
SENIOR HOUSING CRIME PREVENTION FOUNDATION INVESTMENT CORPORATION,MFI HOLDING CORPORATION,competition
CHASE CAPITAL HOLDING CORPORATION,MILLSBORO BRANCH,competition
MILLSBORO BRANCH,CHASE CAPITAL VII,competition
HK RAV V PARTNERSHIP. THE,FREEDOM FINANCIAL LIFE INSURANCE COMPANY,competition
BNY MELLON COMMUNITY DEVELOPMENT CORPORATION,FREEDOM FINANCIAL LIFE INSURANCE COMPANY,competition
AN CAPITAL CORPORATION,FREEDOM FINANCIAL LIFE INSURANCE COMPANY,competition
MFI HOLDING CORPORATION,FREEDOM FINANCIAL LIFE INSURANCE COMPANY,competition
CHARLES SCHWAB CORPORATION. THE,PINEDALE BRANCH,competition
PINEDALE BRANCH,SKY BANK,competition
PINEDALE BRANCH,BBANDT CORPORATION,competition
WEST SUBSIDIARY CORPORATION,PINEDALE BRANCH,competition
PINEDALE BRANCH,BAY STATE CORPORATION LIMITED,competition
WEST SUBSIDIARY CORPORATION,NEW CENTURY FINANCIAL CORPORATION,competition
MORGAN STANLEY,PINEDALE BRANCH,competition
PINEDALE BRANCH,MUSTANG FINANCIAL CORPORATION,competition
COASTAL PLANNERS HOLDING CORPORATION,NEW CENTURY FINANCIAL CORPORATION,competition
PINEDALE BRANCH,NEW CENTURY FINANCIAL CORPORATION,competition
COASTAL PLANNERS HOLDING CORPORATION,MBC FINANCIAL CORPORATION,competition
FIRST SECURITY LEASING COMPANY,PINEDALE BRANCH,competition
STERLING FINANCIAL STATUTORY TRUST V,PINEDALE BRANCH,competition
HAMBRECHT AND QUIST GROUP,MASON-DIXON CAPITAL TRUST,competition
BROAD STREET DOWNTOWN,NEW CENTURY FINANCIAL CORPORATION,competition
MELLON CAPITAL I,RIVERTON STATE BANK HOLDING COMPANY,competition
CAPITAL ONE. NATIONAL ASSOCIATION,DREYFUS CORPORATION. THE,competition
SPRINGFIELD GA BRANCH,DALTON MAIN BRANCH,competition
MELLON CAPITAL I,PINEDALE BRANCH,competition
PINEDALE BRANCH,HK RAV V PARTNERSHIP. THE,competition
PINEDALE BRANCH,BANKBOSTON CAPITAL TRUST I,competition
PINEDALE BRANCH,KATY BRANCH,competition
BRACEBRIDGE CORPORATION,PINEDALE BRANCH,competition
PINEDALE BRANCH,CHASE CAPITAL HOLDING CORPORATION,competition
GALESBURG BRANCH,NEW CENTURY FINANCIAL CORPORATION,competition
MAM (DE) TRUST,NORTHERN TRUST COMPANY OF DELAWARE. THE,competition
PINEDALE BRANCH,SEATTLE BRANCH,competition
CAPITAL ONE. NATIONAL ASSOCIATION,PINEDALE BRANCH,competition
